{
  "ext/controller/Uploadexcel.js": 1707719844769,
  "ext/fragment/Editfinal.js": 1707114778755,
  "manifest.json": 1707719888292,
  "i18n/i18n.properties": 1707067759360,
  "ext/controller/Createlist.js": 1707116767093,
  "Component.js": 1707067707505,
  "Component-preload.js": 1707719888834,
  "ext/controller/Createlist-dbg.js": 1707116767093,
  "ext/controller/Uploadexcel-dbg.js": 1707719844769,
  "ext/fragment/Editfinal-dbg.js": 1707114778755,
  "Component-dbg.js": 1707067707505,
  "ext/fragment/uploadfrag.fragment.xml": 1707546265143,
  "ext/fragment/Editfinal.fragment.xml": 1707110873113,
  "ext/fragment/EDitfragment.fragment.xml": 1707071925894,
  "index.html": 1707067707505
}